Workbook
Name SegmentaciónDeDatos_Origem: #N/A

Sheet Dashboard
C3: ANÁLISE DE VENDAS DE CAFÉ
C4: Controle de Receitas, Categorias de Café, Canais de Venda.

Sheet BD_Ventas
A1: ID Producto | B1: Data | C1: Categoría | D1: Producto | E1: Origem | F1: Canal de Venta | G1: Cantidad | H1: Precio Unitario ($) | I1: Total Venta ($)
A2: SKU-CAF-001 | B2: 2026-09-01 | C2: Grão inteiro | D2: =VLOOKUP(A2, BD_Productos!A:B, 2, FALSE) -> Café de Origen Huila (500g) | E2: Colombia | F2: Cafetería / Tienda | G2: 12 | H2: =VLOOKUP(A2, BD_Productos!A:E, 5, FALSE) -> 12.5 | I2: =G2*H2 -> 150
A3: SKU-CAF-006 | B3: 2026-09-01 | C3: Cápsula | D3: =VLOOKUP(A3, BD_Productos!A:B, 2, FALSE) -> Cápsulas Espresso Intenso (10u) | E3: Mexico | F3: E-commerce | G3: 5 | H3: =VLOOKUP(A3, BD_Productos!A:E, 5, FALSE) -> 7.5 | I3: =G3*H3 -> 37.5
A4: SKU-CAF-003 | B4: 2026-09-02 | C4: Grão inteiro | D4: =VLOOKUP(A4, BD_Productos!A:B, 2, FALSE) -> Espresso Roast Blend (1kg) | E4: Argentina | F4: Distribuidor B2B | G4: 40 | H4: =VLOOKUP(A4, BD_Productos!A:E, 5, FALSE) -> 22 | I4: =G4*H4 -> 880
A5: SKU-CAF-004 | B5: 2026-09-02 | C5: Café Moído | D5: =VLOOKUP(A5, BD_Productos!A:B, 2, FALSE) -> Café Molido Tostado Medio (500g) | E5: Colombia | F5: Cafetería / Tienda | G5: 8 | H5: =VLOOKUP(A5, BD_Productos!A:E, 5, FALSE) -> 11 | I5: =G5*H5 -> 88
A6: SKU-CAF-010 | B6: 2026-09-03 | C6: Café Moído | D6: =VLOOKUP(A6, BD_Productos!A:B, 2, FALSE) -> Café Especial Geisha (250g) | E6: Panamá | F6: E-commerce | G6: 3 | H6: =VLOOKUP(A6, BD_Productos!A:E, 5, FALSE) -> 28 | I6: =G6*H6 -> 84
A7: SKU-CAF-002 | B7: 2026-09-03 | C7: Grão inteiro | D7: =VLOOKUP(A7, BD_Productos!A:B, 2, FALSE) -> Café de Origen Antigua (500g) | E7: Guatemala | F7: Distribuidor B2B | G7: 25 | H7: =VLOOKUP(A7, BD_Productos!A:E, 5, FALSE) -> 14 | I7: =G7*H7 -> 350
A8: SKU-CAF-008 | B8: 2026-09-04 | C8: Bebida pronta | D8: =VLOOKUP(A8, BD_Productos!A:B, 2, FALSE) -> Cold Brew Concentrate (1L) | E8: Brasil | F8: Cafetería / Tienda | G8: 15 | H8: =VLOOKUP(A8, BD_Productos!A:E, 5, FALSE) -> 15 | I8: =G8*H8 -> 225
A9: SKU-CAF-007 | B9: 2026-09-04 | C9: Cápsula | D9: =VLOOKUP(A9, BD_Productos!A:B, 2, FALSE) -> Cápsulas Vainilla Latte (10u) | E9: Bolivia | F9: E-commerce | G9: 10 | H9: =VLOOKUP(A9, BD_Productos!A:E, 5, FALSE) -> 8 | I9: =G9*H9 -> 80
A10: SKU-CAF-001 | B10: 2026-09-05 | C10: Grão inteiro | D10: =VLOOKUP(A10, BD_Productos!A:B, 2, FALSE) -> Café de Origen Huila (500g) | E10: Colombia | F10: Distribuidor B2B | G10: 60 | H10: =VLOOKUP(A10, BD_Productos!A:E, 5, FALSE) -> 12.5 | I10: =G10*H10 -> 750
A11: SKU-CAF-009 | B11: 2026-09-05 | C11: Edição Especial | D11: =VLOOKUP(A11, BD_Productos!A:B, 2, FALSE) -> Café Orgánico Sierra Nevada (500g) | E11: Colombia | F11: E-commerce | G11: 6 | H11: =VLOOKUP(A11, BD_Productos!A:E, 5, FALSE) -> 16.5 | I11: =G11*H11 -> 99
A12: SKU-CAF-003 | B12: 2026-09-06 | C12: Grão inteiro | D12: =VLOOKUP(A12, BD_Productos!A:B, 2, FALSE) -> Espresso Roast Blend (1kg) | E12: Argentina | F12: Cafetería / Tienda | G12: 10 | H12: =VLOOKUP(A12, BD_Productos!A:E, 5, FALSE) -> 22 | I12: =G12*H12 -> 220
A13: SKU-CAF-005 | B13: 2026-09-06 | C13: Café Moído | D13: =VLOOKUP(A13, BD_Productos!A:B, 2, FALSE) -> Café Descafeinado Suave (500g) | E13: Perú | F13: Cafetería / Tienda | G13: 7 | H13: =VLOOKUP(A13, BD_Productos!A:E, 5, FALSE) -> 13 | I13: =G13*H13 -> 91
... A21: SKU-CAF-010 | B21: 2026-09-10 | C21: Café Moído | D21: =VLOOKUP(A21, BD_Productos!A:B, 2, FALSE) -> Café Especial Geisha (250g) | E21: Panamá | F21: Cafetería / Tienda | G21: 4 | H21: =VLOOKUP(A21, BD_Productos!A:E, 5, FALSE) -> 28 | I21: =G21*H21 -> 112

Sheet Calculos
B2: É uma pergunta de negócio respondida através de alguma análise de dado específica
B4: Pergunta de Negócio 1- Quais os produtos que são vendidos em cada país?
B5: Pergunta de Negócio 2- Vendas por categorias de café em cada país?
B6: Pergunta de Negócio 3-Vendas de canais de distribuição em cada pais?
B7: Origem | C7: Colombia
B9: Etiquetas de fila | C9: Suma de Cantidad
B10: Café de Origen Huila (500g) | C10: 81 | D10: =B10 -> Café de Origen Huila (500g)
B11: Grão inteiro | C11: 81 | D11: =B11 -> Grão inteiro
B12: Cafetería / Tienda | C12: 21
B13: Distribuidor B2B | C13: 60
B14: Café Molido Tostado Medio (500g) | C14: 22
B15: Café Moído | C15: 22
B16: Cafetería / Tienda | C16: 8
B17: E-commerce | C17: 14
B18: Café Orgánico Sierra Nevada (500g) | C18: 36
B19: Edição Especial | C19: 36
B20: Distribuidor B2B | C20: 30
B21: E-commerce | C21: 6
B22: Total general | C22: 139

Sheet BD_Productos
A1: SKU | B1: Nombre Producto | C1: Categoría | D1: Origen / Variedad | E1: Precio Unitario ($) | F1: Stock (Bolsas/Kg)
A2: SKU-CAF-001 | B2: Café de Origen Huila (500g) | C2: Grano Entero | D2: Colombia | E2: 12.5 | F2: 450
A3: SKU-CAF-002 | B3: Café de Origen Antigua (500g) | C3: Grano Entero | D3: Guatemala | E3: 14 | F3: 320
A4: SKU-CAF-003 | B4: Espresso Roast Blend (1kg) | C4: Grano Entero | D4: Blend Latino | E4: 22 | F4: 200
A5: SKU-CAF-004 | B5: Café Molido Tostado Medio (500g) | C5: Café Molido | D5: Colombia | E5: 11 | F5: 500
A6: SKU-CAF-005 | B6: Café Descafeinado Suave (500g) | C6: Café Molido | D6: Perú | E6: 13 | F6: 180
A7: SKU-CAF-006 | B7: Cápsulas Espresso Intenso (10u) | C7: Cápsulas | D7: Blend Espresso | E7: 7.5 | F7: 850
A8: SKU-CAF-007 | B8: Cápsulas Vainilla Latte (10u) | C8: Cápsulas | D8: Saborizado | E8: 8 | F8: 600
A9: SKU-CAF-008 | B9: Cold Brew Concentrate (1L) | C9: Bebida Lista | D9: Blend Orgánico | E9: 15 | F9: 140
A10: SKU-CAF-009 | B10: Café Orgánico Sierra Nevada (500g) | C10: Grano Entero | D10: Colombia | E10: 16.5 | F10: 290
A11: SKU-CAF-010 | B11: Café Especial Geisha (250g) | C11: Edición Especial | D11: Panamá | E11: 28 | F11: 75
